,player,market,depart_time,travel_time,price,pax,passenger_type,denominator,demand,connections
0,AS,"('ANC', 'SEA')",360,210,293.47895880913023,5.686316580876306,a,0.2,78.91812165120001,None
1,AS,"('ANC', 'SEA')",360,210,304.6020753652392,8.427179040611211,b,0.2,124.74920792640002,None
2,AS,"('ANC', 'SEA')",360,210,286.3572294271337,4.271175612885397,c,0.2,63.467650080000006,None
3,AS,"('ANC', 'SEA')",360,210,295.76264339063283,6.2652714419783635,d,0.2,100.15508191680001,None
4,AS,"('ANC', 'SEA')",360,210,287.9864414382647,4.697338330053009,e,0.2,72.62864472000001,None
5,AS,"('ANC', 'SEA')",360,210,304.39464755583344,8.967270144060365,f,0.2,145.6812942912,None
6,AS,"('ANC', 'SEA')",420,205,293.4798319319579,5.686500477571319,a,0.2,78.91812165120001,None
7,AS,"('ANC', 'SEA')",420,205,305.1851317273035,8.724810943733946,b,0.2,124.74920792640002,None
8,AS,"('ANC', 'SEA')",420,205,287.3866345400342,4.418369961151248,c,0.2,63.467650080000006,None
9,AS,"('ANC', 'SEA')",420,205,296.27748358396036,6.396963408060343,d,0.2,100.15508191680001,None
10,AS,"('ANC', 'SEA')",420,205,288.466308104232,4.775251392395285,e,0.2,72.62864472000001,None
11,AS,"('ANC', 'SEA')",420,205,304.6532411129025,9.126540726070495,f,0.2,145.6812942912,None
12,AS,"('ANC', 'SEA')",600,200,292.2342753839974,5.43340502536721,a,0.2,78.91812165120001,None
13,AS,"('ANC', 'SEA')",600,200,305.18569155975547,8.725111638100639,b,0.2,124.74920792640002,None
14,AS,"('ANC', 'SEA')",600,200,289.65020450704657,4.763099122154693,c,0.2,63.467650080000006,None
15,AS,"('ANC', 'SEA')",600,200,297.61927953164184,6.766647681780029,d,0.2,100.15508191680001,None
16,AS,"('ANC', 'SEA')",600,200,289.1349746787919,4.886565526292389,e,0.2,72.62864472000001,None
17,AS,"('ANC', 'SEA')",600,200,304.9090742963363,9.293406778738825,f,0.2,145.6812942912,None
18,AS,"('ANC', 'SEA')",660,205,291.42456692890244,5.277980852311941,a,0.2,78.91812165120001,None
19,AS,"('ANC', 'SEA')",660,205,304.5010690907116,8.378518631831847,b,0.2,124.74920792640002,None
20,AS,"('ANC', 'SEA')",660,205,289.3476001379585,4.715177192382352,c,0.2,63.467650080000006,None
21,AS,"('ANC', 'SEA')",660,205,297.75208360008963,6.805576146259901,d,0.2,100.15508191680001,None
22,AS,"('ANC', 'SEA')",660,205,288.8906508052229,4.845510196690985,e,0.2,72.62864472000001,None
23,AS,"('ANC', 'SEA')",660,205,304.67246020208984,9.138740632165824,f,0.2,145.6812942912,None
24,AS,"('ANC', 'SEA')",810,205,291.05565370546947,5.209322507851275,a,0.2,78.91812165120001,None
25,AS,"('ANC', 'SEA')",810,205,303.59065383892136,7.972172195672485,b,0.2,124.74920792640002,None
26,AS,"('ANC', 'SEA')",810,205,288.3731979167563,4.564836374237867,c,0.2,63.467650080000006,None
27,AS,"('ANC', 'SEA')",810,205,298.7389574614917,7.110276966945161,d,0.2,100.15508191680001,None
28,AS,"('ANC', 'SEA')",810,205,290.0796716399244,5.049691224818574,e,0.2,72.62864472000001,None
29,AS,"('ANC', 'SEA')",810,205,304.8180800510149,9.232921986247367,f,0.2,145.6812942912,None
30,AS,"('ANC', 'SEA')",1005,209,290.63197534306306,5.132035033346548,a,0.2,78.91812165120001,None
31,AS,"('ANC', 'SEA')",1005,209,302.9268975114772,7.706753206507946,b,0.2,124.74920792640002,None
32,AS,"('ANC', 'SEA')",1005,209,286.15281237405435,4.242586993455214,c,0.2,63.467650080000006,None
33,AS,"('ANC', 'SEA')",1005,209,297.57635927785225,6.754164016648796,d,0.2,100.15508191680001,None
34,AS,"('ANC', 'SEA')",1005,209,291.2625565502901,5.264647992866023,e,0.2,72.62864472000001,None
35,AS,"('ANC', 'SEA')",1005,209,305.37904223286074,9.628481283938877,f,0.2,145.6812942912,None
36,AS,"('ANC', 'SEA')",1080,199,291.5479766801061,5.301241574745641,a,0.2,78.91812165120001,None
37,AS,"('ANC', 'SEA')",1080,199,303.5731300100179,7.964861177473905,b,0.2,124.74920792640002,None
38,AS,"('ANC', 'SEA')",1080,199,286.81488244951004,4.335937528086719,c,0.2,63.467650080000006,None
39,AS,"('ANC', 'SEA')",1080,199,297.6968026841767,6.789316031650092,d,0.2,100.15508191680001,None
40,AS,"('ANC', 'SEA')",1080,199,292.01397192085034,5.4080815653858165,e,0.2,72.62864472000001,None
41,AS,"('ANC', 'SEA')",1080,199,306.14897229677854,10.285522765286055,f,0.2,145.6812942912,None
42,AS,"('ANC', 'SEA')",1310,202,291.2736945868348,5.249745105529658,a,0.2,78.91812165120001,None
43,AS,"('ANC', 'SEA')",1310,202,303.3664693547487,7.879935627699725,b,0.2,124.74920792640002,None
44,AS,"('ANC', 'SEA')",1310,202,286.30669696319524,4.264089278403581,c,0.2,63.467650080000006,None
45,AS,"('ANC', 'SEA')",1310,202,296.42994082848446,6.436967989099716,d,0.2,100.15508191680001,None
46,AS,"('ANC', 'SEA')",1310,202,289.61365472208263,4.968329082328068,e,0.2,72.62864472000001,None
47,AS,"('ANC', 'SEA')",1310,202,306.07125401805723,10.21136826848059,f,0.2,145.6812942912,None
48,AS,"('ANC', 'LAX')",1430,319,201.80293061285826,5.993418731758443,a,0.2,29.3247665152,None
49,AS,"('ANC', 'LAX')",1430,319,195.82350172748951,9.625342530981792,b,0.2,46.3548969344,None
50,AS,"('ANC', 'LAX')",1430,319,205.91399585609804,4.737153168917011,c,0.2,23.58360768,None
51,AS,"('ANC', 'LAX')",1430,319,198.58435555354978,7.659052979770035,d,0.2,37.2160960128,None
52,AS,"('ANC', 'LAX')",1430,319,203.46235160915884,5.508798612325979,e,0.2,26.98769312,None
53,AS,"('ANC', 'LAX')",1430,319,195.58678412508638,11.622519348092315,f,0.2,54.1329399552,None
54,AS,"('ANC', 'LAX')",720,420,241.02436570723262,0.2192828634184193,a,0.2,29.3247665152,PDX
55,AS,"('ANC', 'LAX')",720,420,242.33725749038666,0.35093045439918996,b,0.2,46.3548969344,PDX
56,AS,"('ANC', 'LAX')",720,420,240.8480701903297,0.2005863493152401,c,0.2,23.58360768,PDX
57,AS,"('ANC', 'LAX')",720,420,241.85925663065538,0.3004349967430218,d,0.2,37.2160960128,PDX
58,AS,"('ANC', 'LAX')",720,420,240.92222789016384,0.20694926718109996,e,0.2,26.98769312,PDX
59,AS,"('ANC', 'LAX')",720,420,242.71890305860987,0.37814837413408703,f,0.2,54.1329399552,PDX
60,AS,"('ANC', 'LAX')",420,476,240.8375093459783,0.19493180937878968,a,0.2,29.3247665152,SEA
61,AS,"('ANC', 'LAX')",420,476,242.33744150450218,0.3033808499163543,b,0.2,46.3548969344,SEA
62,AS,"('ANC', 'LAX')",420,476,240.39507293467784,0.15087763844521818,c,0.2,23.58360768,SEA
63,AS,"('ANC', 'LAX')",420,476,241.37249717453673,0.22009673950828848,d,0.2,37.2160960128,SEA
64,AS,"('ANC', 'LAX')",420,476,240.51499041018403,0.16172016849090332,e,0.2,26.98769312,SEA
65,AS,"('ANC', 'LAX')",420,476,242.4385620159508,0.3038935409604051,f,0.2,54.1329399552,SEA
66,AS,"('ANC', 'LAX')",600,445,241.14279808412226,0.203817794298143,a,0.2,29.3247665152,SEA
67,AS,"('ANC', 'LAX')",600,445,243.04220662121932,0.3339090679642345,b,0.2,46.3548969344,SEA
68,AS,"('ANC', 'LAX')",600,445,240.90357634472224,0.18202006464997458,c,0.2,23.58360768,SEA
69,AS,"('ANC', 'LAX')",600,445,241.98360418994878,0.2587399626366479,d,0.2,37.2160960128,SEA
70,AS,"('ANC', 'LAX')",600,445,240.9295236526464,0.18332382227947513,e,0.2,26.98769312,SEA
71,AS,"('ANC', 'LAX')",600,445,243.2368417409568,0.3409506925814048,f,0.2,54.1329399552,SEA
72,AS,"('ANC', 'LAX')",810,430,237.922248428058,0.21408141171875916,a,0.2,29.3247665152,SEA
73,AS,"('ANC', 'LAX')",810,430,237.39201816851656,0.3388363875696493,b,0.2,46.3548969344,SEA
74,AS,"('ANC', 'LAX')",810,430,238.04875208262547,0.1905091697729758,c,0.2,23.58360768,SEA
75,AS,"('ANC', 'LAX')",810,430,237.56649085132145,0.3049965950707883,d,0.2,37.2160960128,SEA
76,AS,"('ANC', 'LAX')",810,430,237.96641835488944,0.2101850273937113,e,0.2,26.98769312,SEA
77,AS,"('ANC', 'LAX')",810,430,237.33394346228727,0.38070160793032787,f,0.2,54.1329399552,SEA
78,AS,"('ANC', 'LAX')",810,475,237.76661096630835,0.18005469426831053,a,0.2,29.3247665152,SEA
79,AS,"('ANC', 'LAX')",810,475,237.14145787324406,0.2851643552893264,b,0.2,46.3548969344,SEA
80,AS,"('ANC', 'LAX')",810,475,237.90908710398085,0.16021171800310655,c,0.2,23.58360768,SEA
81,AS,"('ANC', 'LAX')",810,475,237.33941713103943,0.25664392991393137,d,0.2,37.2160960128,SEA
82,AS,"('ANC', 'LAX')",810,475,237.81074263237636,0.17677765511981114,e,0.2,26.98769312,SEA
83,AS,"('ANC', 'LAX')",810,475,237.03339468391877,0.32050672269932723,f,0.2,54.1329399552,SEA
84,AS,"('ANC', 'LAX')",1005,397,241.50067688574146,0.236858627217659,a,0.2,29.3247665152,SEA
85,AS,"('ANC', 'LAX')",1005,397,243.36559145841844,0.3613487805796307,b,0.2,46.3548969344,SEA
86,AS,"('ANC', 'LAX')",1005,397,241.06456669349603,0.19719214148054764,c,0.2,23.58360768,SEA
87,AS,"('ANC', 'LAX')",1005,397,242.86832205497618,0.31998612830168977,d,0.2,37.2160960128,SEA
88,AS,"('ANC', 'LAX')",1005,397,241.67229840718676,0.24857839371724408,e,0.2,26.98769312,SEA
89,AS,"('ANC', 'LAX')",1005,397,244.45040237592957,0.43821328308675866,f,0.2,54.1329399552,SEA
90,AS,"('ANC', 'PDX')",720,210,205.47093090471648,7.064732485760854,a,0.2,26.7372871168,None
91,AS,"('ANC', 'PDX')",720,210,202.7714615148291,11.42082329531376,b,0.2,42.2647589696,None
92,AS,"('ANC', 'PDX')",720,210,210.12209031062275,5.924153792269869,c,0.2,21.50270112,None
93,AS,"('ANC', 'PDX')",720,210,205.21826467256585,9.340258539480166,d,0.2,33.932322835200004,None
94,AS,"('ANC', 'PDX')",720,210,206.88674007289535,6.545965407756756,e,0.2,24.606426080000002,None
95,AS,"('ANC', 'PDX')",720,210,200.93960092185958,13.068776483147516,f,0.2,49.3565040768,None
96,AS,"('ANC', 'PDX')",1005,332,242.86085628220332,0.0,a,0.2,26.7372871168,SEA
97,AS,"('ANC', 'PDX')",1005,332,245.00695291405714,0.0,b,0.2,42.2647589696,SEA
98,AS,"('ANC', 'PDX')",1005,332,242.14084325510967,0.0,c,0.2,21.50270112,SEA
99,AS,"('ANC', 'PDX')",1005,332,244.25955291652662,0.0,d,0.2,33.932322835200004,SEA
100,AS,"('ANC', 'PDX')",1005,332,243.05797739403286,0.0,e,0.2,24.606426080000002,SEA
101,AS,"('ANC', 'PDX')",1005,332,247.47524189316798,0.0,f,0.2,49.3565040768,SEA
102,AS,"('LAX', 'PDX')",360,144,274.58792939870375,19.698222424434142,a,0.2,205.0577423232,None
103,AS,"('LAX', 'PDX')",360,144,277.22960675472444,30.141812763349993,b,0.2,324.1434337104,None
104,AS,"('LAX', 'PDX')",360,144,269.35790768958,14.434048130598509,c,0.2,164.91184488,None
105,AS,"('LAX', 'PDX')",360,144,274.90877731627273,22.143411477027183,d,0.2,260.23902432479997,None
106,AS,"('LAX', 'PDX')",360,144,271.66994612596034,15.979382336606461,e,0.2,188.71541292,None
107,AS,"('LAX', 'PDX')",360,144,277.14700196973644,31.59751418347036,f,0.2,378.5325433632,None
108,AS,"('LAX', 'PDX')",480,144,274.2389537681872,18.873459592031857,a,0.2,205.0577423232,None
109,AS,"('LAX', 'PDX')",480,144,277.3591053816244,30.924031260244604,b,0.2,324.1434337104,None
110,AS,"('LAX', 'PDX')",480,144,269.85846417238804,15.084900126743632,c,0.2,164.91184488,None
111,AS,"('LAX', 'PDX')",480,144,275.00317142353794,22.445685799987015,d,0.2,260.23902432479997,None
112,AS,"('LAX', 'PDX')",480,144,271.6828259803144,15.999047087836626,e,0.2,188.71541292,None
113,AS,"('LAX', 'PDX')",480,144,277.14720859648924,31.598801095074414,f,0.2,378.5325433632,None
114,AS,"('LAX', 'PDX')",780,145,273.56424623204566,17.489530267012487,a,0.2,205.0577423232,None
115,AS,"('LAX', 'PDX')",780,145,276.83163313779283,27.97797168812109,b,0.2,324.1434337104,None
116,AS,"('LAX', 'PDX')",780,145,270.0825912523401,15.396351509958944,c,0.2,164.91184488,None
117,AS,"('LAX', 'PDX')",780,145,275.6468934076938,24.795496232571008,d,0.2,260.23902432479997,None
118,AS,"('LAX', 'PDX')",780,145,272.152287776484,16.754540330403227,e,0.2,188.71541292,None
119,AS,"('LAX', 'PDX')",780,145,277.17082136199775,31.746584305491176,f,0.2,378.5325433632,None
120,AS,"('LAX', 'PDX')",1010,140,365.81505180423466,9.504279890680836,a,0.2,205.0577423232,None
121,AS,"('LAX', 'PDX')",1010,140,373.96574188540853,14.307438549379102,b,0.2,324.1434337104,None
122,AS,"('LAX', 'PDX')",1010,140,356.13297498747573,8.033681866594439,c,0.2,164.91184488,None
123,AS,"('LAX', 'PDX')",1010,140,371.68318395225714,12.657142108097805,d,0.2,260.23902432479997,None
124,AS,"('LAX', 'PDX')",1010,140,365.57201677350645,9.803442430195528,e,0.2,188.71541292,None
125,AS,"('LAX', 'PDX')",1010,140,376.1898200038605,17.694003752840224,f,0.2,378.5325433632,None
126,AS,"('LAX', 'PDX')",1180,142,287.0167335694532,16.090122757269725,a,0.2,205.0577423232,None
127,AS,"('LAX', 'PDX')",1180,142,289.8203405287394,25.074959423327783,b,0.2,324.1434337104,None
128,AS,"('LAX', 'PDX')",1180,142,282.44354146316107,12.903497685465972,c,0.2,164.91184488,None
129,AS,"('LAX', 'PDX')",1180,142,288.3730440369608,20.74963414972213,d,0.2,260.23902432479997,None
130,AS,"('LAX', 'PDX')",1180,142,285.9434061568428,15.985555826999718,e,0.2,188.71541292,None
131,AS,"('LAX', 'PDX')",1180,142,290.50018350430065,33.19622126349835,f,0.2,378.5325433632,None
132,AS,"('LAX', 'PDX')",1290,144,273.56487209062544,17.490704396906022,a,0.2,205.0577423232,None
133,AS,"('LAX', 'PDX')",1290,144,276.6721797993575,27.199936938965497,b,0.2,324.1434337104,None
134,AS,"('LAX', 'PDX')",1290,144,268.99929486509643,14.00133819743443,c,0.2,164.91184488,None
135,AS,"('LAX', 'PDX')",1290,144,274.92246829773296,22.186661943227627,d,0.2,260.23902432479997,None
136,AS,"('LAX', 'PDX')",1290,144,272.08132470547963,16.635232268650032,e,0.2,188.71541292,None
137,AS,"('LAX', 'PDX')",1290,144,277.68905464342845,35.40158998325596,f,0.2,378.5325433632,None
138,AS,"('LAX', 'PDX')",1120,277,262.38895717791246,0.0,a,0.2,205.0577423232,SEA
139,AS,"('LAX', 'PDX')",1120,277,273.63935867764394,0.0,b,0.2,324.1434337104,SEA
140,AS,"('LAX', 'PDX')",1120,277,257.482620627509,0.0,c,0.2,164.91184488,SEA
141,AS,"('LAX', 'PDX')",1120,277,268.6551843845411,0.0,d,0.2,260.23902432479997,SEA
142,AS,"('LAX', 'PDX')",1120,277,262.41881320995674,0.0,e,0.2,188.71541292,SEA
143,AS,"('LAX', 'PDX')",1120,277,282.42274961198603,0.0,f,0.2,378.5325433632,SEA
144,AS,"('LAX', 'PDX')",1145,252,263.8132064297903,0.0,a,0.2,205.0577423232,SEA
145,AS,"('LAX', 'PDX')",1145,252,276.0407280682208,0.0,b,0.2,324.1434337104,SEA
146,AS,"('LAX', 'PDX')",1145,252,258.42215982750497,0.0,c,0.2,164.91184488,SEA
147,AS,"('LAX', 'PDX')",1145,252,270.4105135821113,0.0,d,0.2,260.23902432479997,SEA
148,AS,"('LAX', 'PDX')",1145,252,263.6305215307899,0.0,e,0.2,188.71541292,SEA
149,AS,"('LAX', 'PDX')",1145,252,285.7851633466469,0.0,f,0.2,378.5325433632,SEA
150,AS,"('LAX', 'SEA')",360,170,453.28065045886314,10.658412181906005,a,0.2,369.36268412160007,None
151,AS,"('LAX', 'SEA')",360,170,480.9090657442787,15.327634944965729,b,0.2,583.8671944752001,None
152,AS,"('LAX', 'SEA')",360,170,404.02004029458965,9.244908714569181,c,0.2,297.04941144000003,None
153,AS,"('LAX', 'SEA')",360,170,464.23369004433044,11.753937142553724,d,0.2,468.75862110240007,None
154,AS,"('LAX', 'SEA')",360,170,439.6595388622409,9.078524060725272,e,0.2,339.92586996000006,None
155,AS,"('LAX', 'SEA')",360,170,489.6219103884769,15.93656891263823,f,0.2,681.8362216416001,None
156,AS,"('LAX', 'SEA')",450,168,374.34750487823965,17.765443040864106,a,0.2,369.36268412160007,None
157,AS,"('LAX', 'SEA')",450,168,396.6510025901805,28.02560548892152,b,0.2,583.8671944752001,None
158,AS,"('LAX', 'SEA')",450,168,349.0904652411486,13.990223396252778,c,0.2,297.04941144000003,None
159,AS,"('LAX', 'SEA')",450,168,385.1260869637453,20.42977930507864,d,0.2,468.75862110240007,None
160,AS,"('LAX', 'SEA')",450,168,367.913911635992,14.889561155882888,e,0.2,339.92586996000006,None
161,AS,"('LAX', 'SEA')",450,168,402.94811706542976,28.899375993031665,f,0.2,681.8362216416001,None
162,AS,"('LAX', 'SEA')",610,165,375.3305863505952,16.749988412008793,a,0.2,369.36268412160007,None
163,AS,"('LAX', 'SEA')",610,165,399.5662837186661,27.01147899848847,b,0.2,583.8671944752001,None
164,AS,"('LAX', 'SEA')",610,165,356.5581901231738,14.296011961543238,c,0.2,297.04941144000003,None
165,AS,"('LAX', 'SEA')",610,165,390.063747121697,20.9301592975723,d,0.2,468.75862110240007,None
166,AS,"('LAX', 'SEA')",610,165,371.5626077489457,14.828926066848018,e,0.2,339.92586996000006,None
167,AS,"('LAX', 'SEA')",610,165,406.66411748736135,28.526344327429122,f,0.2,681.8362216416001,None
168,AS,"('LAX', 'SEA')",700,169,350.9795677597484,19.088933757103803,a,0.2,369.36268412160007,None
169,AS,"('LAX', 'SEA')",700,169,372.3820473790901,30.742440346539563,b,0.2,583.8671944752001,None
170,AS,"('LAX', 'SEA')",700,169,335.9688535998304,16.214892802004588,c,0.2,297.04941144000003,None
171,AS,"('LAX', 'SEA')",700,169,365.59966856370465,25.306562528068163,d,0.2,468.75862110240007,None
172,AS,"('LAX', 'SEA')",700,169,348.50006791235904,17.37300711040372,e,0.2,339.92586996000006,None
173,AS,"('LAX', 'SEA')",700,169,379.3977845458823,33.8646204432422,f,0.2,681.8362216416001,None
174,AS,"('LAX', 'SEA')",805,156,454.41023350105314,9.870019545787267,a,0.2,369.36268412160007,None
175,AS,"('LAX', 'SEA')",805,156,487.19558476429205,14.305211135456434,b,0.2,583.8671944752001,None
176,AS,"('LAX', 'SEA')",805,156,411.19223273328936,9.89671216184555,c,0.2,297.04941144000003,None
177,AS,"('LAX', 'SEA')",805,156,480.14829487126354,12.64191177335311,d,0.2,468.75862110240007,None
178,AS,"('LAX', 'SEA')",805,156,451.674666473051,9.426005979941298,e,0.2,339.92586996000006,None
179,AS,"('LAX', 'SEA')",805,156,500.06836090206764,15.860125155346376,f,0.2,681.8362216416001,None
180,AS,"('LAX', 'SEA')",865,160,451.55256101242867,9.894000181734363,a,0.2,369.36268412160007,None
181,AS,"('LAX', 'SEA')",865,160,483.39390794736045,14.275288693237375,b,0.2,583.8671944752001,None
182,AS,"('LAX', 'SEA')",865,160,410.6980544872056,9.524419189333564,c,0.2,297.04941144000003,None
183,AS,"('LAX', 'SEA')",865,160,477.2316477642535,12.713613453316912,d,0.2,468.75862110240007,None
184,AS,"('LAX', 'SEA')",865,160,452.6962290333432,9.467501003194485,e,0.2,339.92586996000006,None
185,AS,"('LAX', 'SEA')",865,160,497.0635283479586,16.125163220332418,f,0.2,681.8362216416001,None
186,AS,"('LAX', 'SEA')",960,160,451.66581371517236,9.878541648309767,a,0.2,369.36268412160007,None
187,AS,"('LAX', 'SEA')",960,160,482.9665640458028,14.178364988052008,b,0.2,583.8671944752001,None
188,AS,"('LAX', 'SEA')",960,160,408.647891068461,9.313071630361708,c,0.2,297.04941144000003,None
189,AS,"('LAX', 'SEA')",960,160,476.03863377107706,12.497607606520209,d,0.2,468.75862110240007,None
190,AS,"('LAX', 'SEA')",960,160,455.20306600440557,9.630028492837729,e,0.2,339.92586996000006,None
191,AS,"('LAX', 'SEA')",960,160,498.2408675729047,16.502371363486077,f,0.2,681.8362216416001,None
192,AS,"('LAX', 'SEA')",1030,170,445.8070545003029,9.88742530272783,a,0.2,369.36268412160007,None
193,AS,"('LAX', 'SEA')",1030,170,477.0145591131012,14.165647506296759,b,0.2,583.8671944752001,None
194,AS,"('LAX', 'SEA')",1030,170,403.3964077895175,9.127213347419701,c,0.2,297.04941144000003,None
195,AS,"('LAX', 'SEA')",1030,170,468.7015057528492,12.25925815954654,d,0.2,468.75862110240007,None
196,AS,"('LAX', 'SEA')",1030,170,449.8728622584014,9.672694046411442,e,0.2,339.92586996000006,None
197,AS,"('LAX', 'SEA')",1030,170,493.61875494315575,16.88774754221856,f,0.2,681.8362216416001,None
198,AS,"('LAX', 'SEA')",1060,165,448.0503104953197,9.926294834873188,a,0.2,369.36268412160007,None
199,AS,"('LAX', 'SEA')",1060,165,480.9069015295641,14.056721214635562,b,0.2,583.8671944752001,None
200,AS,"('LAX', 'SEA')",1060,165,401.01634822992224,9.407291498029847,c,0.2,297.04941144000003,None
201,AS,"('LAX', 'SEA')",1060,165,471.5387853564245,12.098206743720471,d,0.2,468.75862110240007,None
202,AS,"('LAX', 'SEA')",1060,165,452.7041761189096,9.643389909945643,e,0.2,339.92586996000006,None
203,AS,"('LAX', 'SEA')",1060,165,498.57342381003895,16.868081716473768,f,0.2,681.8362216416001,None
204,AS,"('LAX', 'SEA')",1120,165,351.9580866299981,19.0430029825238,a,0.2,369.36268412160007,None
205,AS,"('LAX', 'SEA')",1120,165,372.2244025568379,29.35364916342535,b,0.2,583.8671944752001,None
206,AS,"('LAX', 'SEA')",1120,165,333.2099336555251,14.812290104929758,c,0.2,297.04941144000003,None
207,AS,"('LAX', 'SEA')",1120,165,365.3569636754612,24.278058597866544,d,0.2,468.75862110240007,None
208,AS,"('LAX', 'SEA')",1120,165,352.5904290408355,18.713522531281114,e,0.2,339.92586996000006,None
209,AS,"('LAX', 'SEA')",1120,165,382.8237174356779,37.79946560816887,f,0.2,681.8362216416001,None
210,AS,"('LAX', 'SEA')",1145,165,372.6735349047075,16.547499720725035,a,0.2,369.36268412160007,None
211,AS,"('LAX', 'SEA')",1145,165,395.08295087236434,25.137003901085667,b,0.2,583.8671944752001,None
212,AS,"('LAX', 'SEA')",1145,165,347.82451167868277,13.393053999502106,c,0.2,297.04941144000003,None
213,AS,"('LAX', 'SEA')",1145,165,387.6397925492389,20.707416798984045,d,0.2,468.75862110240007,None
214,AS,"('LAX', 'SEA')",1145,165,373.66244620612076,16.069215441477986,e,0.2,339.92586996000006,None
215,AS,"('LAX', 'SEA')",1145,165,407.67606988839873,32.1457984749747,f,0.2,681.8362216416001,None
216,AS,"('LAX', 'SEA')",1175,165,372.49331684458076,16.567713690979616,a,0.2,369.36268412160007,None
217,AS,"('LAX', 'SEA')",1175,165,394.88409931034755,25.169221687394195,b,0.2,583.8671944752001,None
218,AS,"('LAX', 'SEA')",1175,165,347.5982756861709,13.396097255356247,c,0.2,297.04941144000003,None
219,AS,"('LAX', 'SEA')",1175,165,387.18773085548406,20.60308628309476,d,0.2,468.75862110240007,None
220,AS,"('LAX', 'SEA')",1175,165,372.99428148769135,15.938391808607703,e,0.2,339.92586996000006,None
221,AS,"('LAX', 'SEA')",1175,165,407.56030769291493,32.32547762088219,f,0.2,681.8362216416001,None
222,AS,"('LAX', 'SEA')",1315,165,446.33555824998535,10.042225718366668,a,0.2,369.36268412160007,None
223,AS,"('LAX', 'SEA')",1315,165,478.62449554350013,14.265394390532018,b,0.2,583.8671944752001,None
224,AS,"('LAX', 'SEA')",1315,165,400.1028591913346,9.36180540233574,c,0.2,297.04941144000003,None
225,AS,"('LAX', 'SEA')",1315,165,466.33671159946095,11.815301299524323,d,0.2,468.75862110240007,None
226,AS,"('LAX', 'SEA')",1315,165,444.8977589938416,9.245744479542331,e,0.2,339.92586996000006,None
227,AS,"('LAX', 'SEA')",1315,165,496.60311565362423,17.269514730346007,f,0.2,681.8362216416001,None
228,AS,"('LAX', 'ANC')",1435,343,200.29247261078433,5.810251787545584,a,0.2,29.971636364800002,None
229,AS,"('LAX', 'ANC')",1435,343,193.39407632284437,9.386227557699897,b,0.2,47.3774314256,None
230,AS,"('LAX', 'ANC')",1435,343,204.5109866525633,4.593893402721629,c,0.2,24.10383432,None
231,AS,"('LAX', 'ANC')",1435,343,196.22317524035847,7.4713558589974225,d,0.2,38.037039307200004,None
232,AS,"('LAX', 'ANC')",1435,343,201.7810012521426,5.340994815463176,e,0.2,27.583009880000002,None
233,AS,"('LAX', 'ANC')",1435,343,192.5313041138769,11.347387179379021,f,0.2,55.3270489248,None
234,AS,"('LAX', 'ANC')",360,450,235.6624637039183,0.23967246059409533,a,0.2,29.971636364800002,PDX
235,AS,"('LAX', 'ANC')",360,450,234.03326739741144,0.3664477210144159,b,0.2,47.3774314256,PDX
236,AS,"('LAX', 'ANC')",360,450,236.49116447322277,0.17674552266066662,c,0.2,24.10383432,PDX
237,AS,"('LAX', 'ANC')",360,450,235.30479080847914,0.26586835581149026,d,0.2,38.037039307200004,PDX
238,AS,"('LAX', 'ANC')",360,450,236.26097710798024,0.19366657081696945,e,0.2,27.583009880000002,PDX
239,AS,"('LAX', 'ANC')",360,450,234.00848902329213,0.3741761700574706,f,0.2,55.3270489248,PDX
240,AS,"('LAX', 'ANC')",360,510,240.86090757931026,0.0,a,0.2,29.971636364800002,SEA
241,AS,"('LAX', 'ANC')",360,510,241.89229771444099,0.0,b,0.2,47.3774314256,SEA
242,AS,"('LAX', 'ANC')",360,510,240.34161047556535,0.0,c,0.2,24.10383432,SEA
243,AS,"('LAX', 'ANC')",360,510,241.07832861664411,0.0,d,0.2,38.037039307200004,SEA
244,AS,"('LAX', 'ANC')",360,510,240.48311873842002,0.0,e,0.2,27.583009880000002,SEA
245,AS,"('LAX', 'ANC')",360,510,242.01656078120027,0.0,f,0.2,55.3270489248,SEA
246,AS,"('LAX', 'ANC')",610,438,239.2910397923751,0.22262638104219365,a,0.2,29.971636364800002,SEA
247,AS,"('LAX', 'ANC')",610,438,239.21409601332678,0.3691255760577754,b,0.2,47.3774314256,SEA
248,AS,"('LAX', 'ANC')",610,438,239.37250227638296,0.1996176363675757,c,0.2,24.10383432,SEA
249,AS,"('LAX', 'ANC')",610,438,239.12950747556997,0.2867158637303178,d,0.2,38.037039307200004,SEA
250,AS,"('LAX', 'ANC')",610,438,239.3578924659857,0.20060835158423673,e,0.2,27.583009880000002,SEA
251,AS,"('LAX', 'ANC')",610,438,239.3013243179846,0.3783779641920753,f,0.2,55.3270489248,SEA
252,AS,"('LAX', 'ANC')",700,480,238.9239099820684,0.186144198520517,a,0.2,29.971636364800002,SEA
253,AS,"('LAX', 'ANC')",700,480,238.96354030546797,0.302128881809318,b,0.2,47.3774314256,SEA
254,AS,"('LAX', 'ANC')",700,480,238.9288928436428,0.17048723440189287,c,0.2,24.10383432,SEA
255,AS,"('LAX', 'ANC')",700,480,238.94528780805186,0.2538364495202936,d,0.2,38.037039307200004,SEA
256,AS,"('LAX', 'ANC')",700,480,238.92279251809515,0.17402745528101862,e,0.2,27.583009880000002,SEA
257,AS,"('LAX', 'ANC')",700,480,239.03586849635795,0.3229003958823639,f,0.2,55.3270489248,SEA
258,AS,"('LAX', 'ANC')",865,496,240.96122002798006,0.0,a,0.2,29.971636364800002,SEA
259,AS,"('LAX', 'ANC')",865,496,242.146488698451,0.0,b,0.2,47.3774314256,SEA
260,AS,"('LAX', 'ANC')",865,496,240.6862759140343,0.0,c,0.2,24.10383432,SEA
261,AS,"('LAX', 'ANC')",865,496,241.85063130287637,0.0,d,0.2,38.037039307200004,SEA
262,AS,"('LAX', 'ANC')",865,496,240.97343415846447,0.0,e,0.2,27.583009880000002,SEA
263,AS,"('LAX', 'ANC')",865,496,242.68604479476153,0.0,f,0.2,55.3270489248,SEA
264,AS,"('LAX', 'ANC')",960,458,241.33356912933326,0.0,a,0.2,29.971636364800002,SEA
265,AS,"('LAX', 'ANC')",960,458,242.68875316615384,0.0,b,0.2,47.3774314256,SEA
266,AS,"('LAX', 'ANC')",960,458,240.93630053077837,0.0,c,0.2,24.10383432,SEA
267,AS,"('LAX', 'ANC')",960,458,242.29290051106034,0.0,d,0.2,38.037039307200004,SEA
268,AS,"('LAX', 'ANC')",960,458,241.43493320897107,0.0,e,0.2,27.583009880000002,SEA
269,AS,"('LAX', 'ANC')",960,458,243.493388206243,0.0,f,0.2,55.3270489248,SEA
270,AS,"('LAX', 'ANC')",1030,449,241.20567030597476,0.0,a,0.2,29.971636364800002,SEA
271,AS,"('LAX', 'ANC')",1030,449,242.48191120302093,0.0,b,0.2,47.3774314256,SEA
272,AS,"('LAX', 'ANC')",1030,449,240.79660958033423,0.0,c,0.2,24.10383432,SEA
273,AS,"('LAX', 'ANC')",1030,449,242.02005801603246,0.0,d,0.2,38.037039307200004,SEA
274,AS,"('LAX', 'ANC')",1030,449,241.31950559230717,0.0,e,0.2,27.583009880000002,SEA
275,AS,"('LAX', 'ANC')",1030,449,243.3937769871763,0.0,f,0.2,55.3270489248,SEA
276,AS,"('PDX', 'LAX')",405,145,283.44644763818656,17.985944764437168,a,0.2,204.19524919040003,None
277,AS,"('PDX', 'LAX')",405,145,287.0282115806607,27.998015199339363,b,0.2,322.7800543888,None
278,AS,"('PDX', 'LAX')",405,145,281.999943477475,13.182947793949973,c,0.2,164.21820936,None
279,AS,"('PDX', 'LAX')",405,145,285.571273383884,20.157109069837617,d,0.2,259.1444332656,None
280,AS,"('PDX', 'LAX')",405,145,282.6912729104716,14.821095990195323,e,0.2,187.92165724,None
281,AS,"('PDX', 'LAX')",405,145,288.02364556226007,29.854878359325998,f,0.2,376.9403980704,None
282,AS,"('PDX', 'LAX')",585,140,286.1409440704348,16.717622861157906,a,0.2,204.19524919040003,None
283,AS,"('PDX', 'LAX')",585,140,290.3348733176152,27.641437485197635,b,0.2,322.7800543888,None
284,AS,"('PDX', 'LAX')",585,140,285.96358390770183,14.077443178086105,c,0.2,164.21820936,None
285,AS,"('PDX', 'LAX')",585,140,289.11002326727277,20.915586274571677,d,0.2,259.1444332656,None
286,AS,"('PDX', 'LAX')",585,140,285.9647750075073,14.87958591682649,e,0.2,187.92165724,None
287,AS,"('PDX', 'LAX')",585,140,291.362007614845,29.768315357197363,f,0.2,376.9403980704,None
288,AS,"('PDX', 'LAX')",670,138,271.2909936734227,18.228689911750056,a,0.2,204.19524919040003,None
289,AS,"('PDX', 'LAX')",670,138,276.1628596635682,29.581462788693557,b,0.2,322.7800543888,None
290,AS,"('PDX', 'LAX')",670,138,271.3094551947604,15.839691348351396,c,0.2,164.21820936,None
291,AS,"('PDX', 'LAX')",670,138,274.9138322571929,24.06759819228402,d,0.2,259.1444332656,None
292,AS,"('PDX', 'LAX')",670,138,271.38609513522107,16.768164680197604,e,0.2,187.92165724,None
293,AS,"('PDX', 'LAX')",670,138,277.53828608549435,32.99201636120607,f,0.2,376.9403980704,None
294,AS,"('PDX', 'LAX')",800,133,271.9015646908389,18.26407350350197,a,0.2,204.19524919040003,None
295,AS,"('PDX', 'LAX')",800,133,276.28620353492494,28.699093055986896,b,0.2,322.7800543888,None
296,AS,"('PDX', 'LAX')",800,133,271.82831869391185,15.546695641555107,c,0.2,164.21820936,None
297,AS,"('PDX', 'LAX')",800,133,275.65149617385896,25.529143254949876,d,0.2,259.1444332656,None
298,AS,"('PDX', 'LAX')",800,133,272.5460901849706,17.705901408853578,e,0.2,187.92165724,None
299,AS,"('PDX', 'LAX')",800,133,277.8595562738063,33.88435125109832,f,0.2,376.9403980704,None
300,AS,"('PDX', 'LAX')",1060,140,366.4773703781741,9.335536805212262,a,0.2,204.19524919040003,None
301,AS,"('PDX', 'LAX')",1060,140,376.16793896851493,13.81746055887143,b,0.2,322.7800543888,None
302,AS,"('PDX', 'LAX')",1060,140,358.8572766378837,7.688109506239959,c,0.2,164.21820936,None
303,AS,"('PDX', 'LAX')",1060,140,373.8053709007827,11.947454505279397,d,0.2,259.1444332656,None
304,AS,"('PDX', 'LAX')",1060,140,368.5189983172284,9.610309334630658,e,0.2,187.92165724,None
305,AS,"('PDX', 'LAX')",1060,140,380.45217708816637,17.944777999393192,f,0.2,376.9403980704,None
306,AS,"('PDX', 'LAX')",1240,136,287.07719734156655,16.242447593195386,a,0.2,204.19524919040003,None
307,AS,"('PDX', 'LAX')",1240,136,291.21413075469707,24.945087103949206,b,0.2,322.7800543888,None
308,AS,"('PDX', 'LAX')",1240,136,285.8449616877788,12.675525998874223,c,0.2,164.21820936,None
309,AS,"('PDX', 'LAX')",1240,136,290.17037688683513,20.31362726469392,d,0.2,259.1444332656,None
310,AS,"('PDX', 'LAX')",1240,136,287.7304070551588,15.789391131205798,e,0.2,187.92165724,None
311,AS,"('PDX', 'LAX')",1240,136,292.9721719559326,34.03391194952534,f,0.2,376.9403980704,None
312,AS,"('PDX', 'LAX')",420,300,250.2040879479098,0.8602088503364174,a,0.2,204.19524919040003,SEA
313,AS,"('PDX', 'LAX')",420,300,258.07196635224966,1.3131698401302379,b,0.2,322.7800543888,SEA
314,AS,"('PDX', 'LAX')",420,300,247.5625848260827,0.6430548350761434,c,0.2,164.21820936,SEA
315,AS,"('PDX', 'LAX')",420,300,251.85489356833833,0.974196023717147,d,0.2,259.1444332656,SEA
316,AS,"('PDX', 'LAX')",420,300,248.4604974642926,0.7177789303294323,e,0.2,187.92165724,SEA
317,AS,"('PDX', 'LAX')",420,300,259.9561772865559,1.386468970638192,f,0.2,376.9403980704,SEA
318,AS,"('PDX', 'SEA')",420,54,240.22366754481158,21.15822928498845,a,0.2,81.93684761600001,None
319,AS,"('PDX', 'SEA')",420,54,245.80449926501285,33.92042099670144,b,0.2,129.521035552,None
320,AS,"('PDX', 'SEA')",420,54,234.52344942406006,16.747599301043486,c,0.2,65.89537440000001,None
321,AS,"('PDX', 'SEA')",420,54,238.8672279323956,25.936739354075133,d,0.2,103.986150624,None
322,AS,"('PDX', 'SEA')",420,54,233.52953096054023,18.79637793592873,e,0.2,75.4067896,None
323,AS,"('PDX', 'SEA')",420,54,241.98457612370436,37.54574046160387,f,0.2,151.25380281600002,None
324,AS,"('PDX', 'ANC')",575,235,204.54577848178536,6.8927969251365635,a,0.2,26.5216638336,None
325,AS,"('PDX', 'ANC')",575,235,203.09961000293129,11.410743488899067,b,0.2,41.92391413920001,None
326,AS,"('PDX', 'ANC')",575,235,209.2676579794829,5.768773098602473,c,0.2,21.32929224,None
327,AS,"('PDX', 'ANC')",575,235,202.01234921788603,8.799161452769365,d,0.2,33.6586750704,None
328,AS,"('PDX', 'ANC')",575,235,204.63674893854062,6.163286903557266,e,0.2,24.40798716,None
329,AS,"('PDX', 'ANC')",575,235,197.2670251640112,12.342234940477928,f,0.2,48.958467753600004,None
330,AS,"('SEA', 'LAX')",380,150,326.24574521987995,20.92112396737349,a,0.2,368.0689444224,None
331,AS,"('SEA', 'LAX')",380,150,337.25762392470125,32.745223967276374,b,0.2,581.8221254928,None
332,AS,"('SEA', 'LAX')",380,150,313.3977362829566,15.54036231662865,c,0.2,296.00895816,None
333,AS,"('SEA', 'LAX')",380,150,327.88115576376464,23.874115312289096,d,0.2,467.1167345136,None
334,AS,"('SEA', 'LAX')",380,150,319.69173131124876,17.003260968116315,e,0.2,338.73523644,None
335,AS,"('SEA', 'LAX')",380,150,340.6488246217979,33.91590339734543,f,0.2,679.4480037024,None
336,AS,"('SEA', 'LAX')",420,165,302.9794776121245,22.79415445929553,a,0.2,368.0689444224,None
337,AS,"('SEA', 'LAX')",420,165,312.50746235553623,36.98136873259814,b,0.2,581.8221254928,None
338,AS,"('SEA', 'LAX')",420,165,292.25132920660184,17.180989847966252,c,0.2,296.00895816,None
339,AS,"('SEA', 'LAX')",420,165,304.3180654682492,26.528462709158102,d,0.2,467.1167345136,None
340,AS,"('SEA', 'LAX')",420,165,297.8055786086653,18.616652249184742,e,0.2,338.73523644,None
341,AS,"('SEA', 'LAX')",420,165,315.72388596475514,37.898362621918885,f,0.2,679.4480037024,None
342,AS,"('SEA', 'LAX')",460,160,420.4743525397109,10.301451000027742,a,0.2,368.0689444224,None
343,AS,"('SEA', 'LAX')",460,160,442.7136773089612,15.694345631373547,b,0.2,581.8221254928,None
344,AS,"('SEA', 'LAX')",460,160,394.53564028887246,8.905001352889858,c,0.2,296.00895816,None
345,AS,"('SEA', 'LAX')",460,160,424.2568465608772,12.060047041230861,d,0.2,467.1167345136,None
346,AS,"('SEA', 'LAX')",460,160,406.58702436260114,9.082278723912976,e,0.2,338.73523644,None
347,AS,"('SEA', 'LAX')",460,160,446.1596698529967,15.956863236907802,f,0.2,679.4480037024,None
348,AS,"('SEA', 'LAX')",565,155,350.5359332020003,16.138842210885276,a,0.2,368.0689444224,None
349,AS,"('SEA', 'LAX')",565,155,366.42599111298273,26.486923124193964,b,0.2,581.8221254928,None
350,AS,"('SEA', 'LAX')",565,155,338.63559187791157,13.859775321243498,c,0.2,296.00895816,None
351,AS,"('SEA', 'LAX')",565,155,355.50038484652276,20.135807685626876,d,0.2,467.1167345136,None
352,AS,"('SEA', 'LAX')",565,155,344.3736636163585,14.181068037244241,e,0.2,338.73523644,None
353,AS,"('SEA', 'LAX')",565,155,369.82743331603575,27.30268746254771,f,0.2,679.4480037024,None
354,AS,"('SEA', 'LAX')",800,156,420.33176490708405,9.601751959527812,a,0.2,368.0689444224,None
355,AS,"('SEA', 'LAX')",800,156,444.1421598396285,14.21516576037279,b,0.2,581.8221254928,None
356,AS,"('SEA', 'LAX')",800,156,402.32204399932897,8.809782640656358,c,0.2,296.00895816,None
357,AS,"('SEA', 'LAX')",800,156,433.6257192327336,12.900724984794916,d,0.2,467.1167345136,None
358,AS,"('SEA', 'LAX')",800,156,414.52888641808005,9.299170377741538,e,0.2,338.73523644,None
359,AS,"('SEA', 'LAX')",800,156,451.19734738373234,15.838482868536909,f,0.2,679.4480037024,None
360,AS,"('SEA', 'LAX')",955,150,424.20020173815976,9.54776523079475,a,0.2,368.0689444224,None
361,AS,"('SEA', 'LAX')",955,150,447.29658622707217,13.913292985770191,b,0.2,581.8221254928,None
362,AS,"('SEA', 'LAX')",955,150,402.03769645600784,8.477731530442961,c,0.2,296.00895816,None
363,AS,"('SEA', 'LAX')",955,150,436.9330238394722,12.638811350707067,d,0.2,467.1167345136,None
364,AS,"('SEA', 'LAX')",955,150,422.05579091772483,9.61860111089004,e,0.2,338.73523644,None
365,AS,"('SEA', 'LAX')",955,150,456.4836904812437,16.301015591032215,f,0.2,679.4480037024,None
366,AS,"('SEA', 'LAX')",1050,155,418.71600816701863,9.718055831955983,a,0.2,368.0689444224,None
367,AS,"('SEA', 'LAX')",1050,155,441.66570739961475,14.132378433919824,b,0.2,581.8221254928,None
368,AS,"('SEA', 'LAX')",1050,155,393.1095979109712,8.641706837383973,c,0.2,296.00895816,None
369,AS,"('SEA', 'LAX')",1050,155,429.5472138530813,12.508338767964913,d,0.2,467.1167345136,None
370,AS,"('SEA', 'LAX')",1050,155,416.93915340220417,9.83158719627838,e,0.2,338.73523644,None
371,AS,"('SEA', 'LAX')",1050,155,452.08083131660527,17.167919829517928,f,0.2,679.4480037024,None
372,AS,"('SEA', 'LAX')",1090,162,318.06274062101386,18.715209343967704,a,0.2,368.0689444224,None
373,AS,"('SEA', 'LAX')",1090,162,329.7175808980792,29.36798796788412,b,0.2,581.8221254928,None
374,AS,"('SEA', 'LAX')",1090,162,306.9184226947558,15.013354581247603,c,0.2,296.00895816,None
375,AS,"('SEA', 'LAX')",1090,162,322.5896436773815,24.725715582054846,d,0.2,467.1167345136,None
376,AS,"('SEA', 'LAX')",1090,162,316.4407565853119,18.766388220998735,e,0.2,338.73523644,None
377,AS,"('SEA', 'LAX')",1090,162,335.6023471746506,37.411334417521715,f,0.2,679.4480037024,None
378,AS,"('SEA', 'LAX')",1135,165,338.76381617080665,16.076463558195176,a,0.2,368.0689444224,None
379,AS,"('SEA', 'LAX')",1135,165,352.7685006913109,24.822875821239705,b,0.2,581.8221254928,None
380,AS,"('SEA', 'LAX')",1135,165,326.27553086497556,12.968204894550722,c,0.2,296.00895816,None
381,AS,"('SEA', 'LAX')",1135,165,344.47312411723885,20.736359358959504,d,0.2,467.1167345136,None
382,AS,"('SEA', 'LAX')",1135,165,336.8056439598667,15.918915444482097,e,0.2,338.73523644,None
383,AS,"('SEA', 'LAX')",1135,165,359.78903897609905,31.83785279123388,f,0.2,679.4480037024,None
384,AS,"('SEA', 'LAX')",1195,150,325.42480443787167,18.650078911383954,a,0.2,368.0689444224,None
385,AS,"('SEA', 'LAX')",1195,150,337.5001486308774,29.171865669075594,b,0.2,581.8221254928,None
386,AS,"('SEA', 'LAX')",1195,150,313.9254832890727,14.906653972297667,c,0.2,296.00895816,None
387,AS,"('SEA', 'LAX')",1195,150,329.6978680530978,23.91291316713296,d,0.2,467.1167345136,None
388,AS,"('SEA', 'LAX')",1195,150,322.9635348873245,18.063268119674692,e,0.2,338.73523644,None
389,AS,"('SEA', 'LAX')",1195,150,343.8104734457052,37.91584359998837,f,0.2,679.4480037024,None
390,AS,"('SEA', 'LAX')",1255,149,344.8284588278983,16.414339792663256,a,0.2,368.0689444224,None
391,AS,"('SEA', 'LAX')",1255,149,358.8559716272972,25.336631020976295,b,0.2,581.8221254928,None
392,AS,"('SEA', 'LAX')",1255,149,330.39424309916564,13.369210548511335,c,0.2,296.00895816,None
393,AS,"('SEA', 'LAX')",1255,149,350.0101911550806,20.715320172581986,d,0.2,467.1167345136,None
394,AS,"('SEA', 'LAX')",1255,149,341.5131674630964,15.576905695274853,e,0.2,338.73523644,None
395,AS,"('SEA', 'LAX')",1255,149,365.83292542834204,32.587582047276534,f,0.2,679.4480037024,None
396,AS,"('SEA', 'LAX')",1295,147,345.2932195134988,16.489838867356372,a,0.2,368.0689444224,None
397,AS,"('SEA', 'LAX')",1295,147,359.2849576487065,25.45914892116743,b,0.2,581.8221254928,None
398,AS,"('SEA', 'LAX')",1295,147,330.8411051114703,13.428301074433021,c,0.2,296.00895816,None
399,AS,"('SEA', 'LAX')",1295,147,350.31034642739877,20.7532759241789,d,0.2,467.1167345136,None
400,AS,"('SEA', 'LAX')",1295,147,341.5726673819064,15.453097730428285,e,0.2,338.73523644,None
401,AS,"('SEA', 'LAX')",1295,147,366.09630629804195,32.416326749574054,f,0.2,679.4480037024,None
402,AS,"('SEA', 'LAX')",1315,147,424.97452302672923,9.607017265122002,a,0.2,368.0689444224,None
403,AS,"('SEA', 'LAX')",1315,147,447.1847941199014,14.028979666732702,b,0.2,581.8221254928,None
404,AS,"('SEA', 'LAX')",1315,147,401.1997533395849,8.332783839216798,c,0.2,296.00895816,None
405,AS,"('SEA', 'LAX')",1315,147,433.10730075062867,11.82210910031002,d,0.2,467.1167345136,None
406,AS,"('SEA', 'LAX')",1315,147,417.6366177906098,9.164992066395017,e,0.2,338.73523644,None
407,AS,"('SEA', 'LAX')",1315,147,458.14540444398983,17.24191992968629,f,0.2,679.4480037024,None
408,AS,"('SEA', 'PDX')",1350,47,438.63474142525973,9.962982531060243,a,0.2,85.8180667136,None
409,AS,"('SEA', 'PDX')",1350,47,468.9020096511833,13.325774963030014,b,0.2,135.6562424992,None
410,AS,"('SEA', 'PDX')",1350,47,370.3621525012743,11.438621089940028,c,0.2,69.01673424,None
411,AS,"('SEA', 'PDX')",1350,47,457.85300485526244,11.324603030612552,d,0.2,108.91181039039999,None
412,AS,"('SEA', 'PDX')",1350,47,421.94723625826174,10.110080546547673,e,0.2,78.97869016,None
413,AS,"('SEA', 'PDX')",1350,47,478.4891051648999,15.83792435574254,f,0.2,158.4184566336,None
414,AS,"('SEA', 'ANC')",360,227,291.20328881635663,5.961285159417661,a,0.2,82.15247089920001,None
415,AS,"('SEA', 'ANC')",360,227,300.22401214455385,8.880578234775403,b,0.2,129.86188038240002,None
416,AS,"('SEA', 'ANC')",360,227,283.8065005459962,4.469073879883557,c,0.2,66.06878328,None
417,AS,"('SEA', 'ANC')",360,227,292.29154070903337,6.534745680030338,d,0.2,104.25979838880001,None
418,AS,"('SEA', 'ANC')",360,227,284.66423158064373,4.829816859707579,e,0.2,75.60522852000001,None
419,AS,"('SEA', 'ANC')",360,227,299.12895391232627,9.189197368677222,f,0.2,151.6518391392,None
420,AS,"('SEA', 'ANC')",480,235,289.57244057610967,5.585899046088004,a,0.2,82.15247089920001,None
421,AS,"('SEA', 'ANC')",480,235,300.1645923777945,8.844604587216617,b,0.2,129.86188038240002,None
422,AS,"('SEA', 'ANC')",480,235,284.1932041429068,4.531700530336633,c,0.2,66.06878328,None
423,AS,"('SEA', 'ANC')",480,235,291.9649715499861,6.4403688112045625,d,0.2,104.25979838880001,None
424,AS,"('SEA', 'ANC')",480,235,283.9933342091123,4.710124402789046,e,0.2,75.60522852000001,None
425,AS,"('SEA', 'ANC')",480,235,298.73988805842185,8.932966173175606,f,0.2,151.6518391392,None
426,AS,"('SEA', 'ANC')",635,235,288.3136747560427,5.320961877013218,a,0.2,82.15247089920001,None
427,AS,"('SEA', 'ANC')",635,235,299.5951270076612,8.520480142496643,b,0.2,129.86188038240002,None
428,AS,"('SEA', 'ANC')",635,235,285.3818490234462,4.730759792222502,c,0.2,66.06878328,None
429,AS,"('SEA', 'ANC')",635,235,292.95650837589494,6.735488621703936,d,0.2,104.25979838880001,None
430,AS,"('SEA', 'ANC')",635,235,284.2658811324406,4.7582999584599905,e,0.2,75.60522852000001,None
431,AS,"('SEA', 'ANC')",635,235,298.7517712849841,8.94046730879441,f,0.2,151.6518391392,None
432,AS,"('SEA', 'ANC')",825,223,288.8633725948342,5.434274975042943,a,0.2,82.15247089920001,None
433,AS,"('SEA', 'ANC')",825,223,299.244005159522,8.336933984823972,b,0.2,129.86188038240002,None
434,AS,"('SEA', 'ANC')",825,223,285.4305127150801,4.739132122122611,c,0.2,66.06878328,None
435,AS,"('SEA', 'ANC')",825,223,294.9297948574345,7.414576494077142,d,0.2,104.25979838880001,None
436,AS,"('SEA', 'ANC')",825,223,286.6594692086307,5.209853894989921,e,0.2,75.60522852000001,None
437,AS,"('SEA', 'ANC')",825,223,299.4934877423715,9.451901712035482,f,0.2,151.6518391392,None
438,AS,"('SEA', 'ANC')",955,225,288.6543946988843,5.390778625988177,a,0.2,82.15247089920001,None
439,AS,"('SEA', 'ANC')",955,225,298.8700977916647,8.153052869475944,b,0.2,129.86188038240002,None
440,AS,"('SEA', 'ANC')",955,225,284.02399347901184,4.504173726934186,c,0.2,66.06878328,None
441,AS,"('SEA', 'ANC')",955,225,294.3758308610987,7.209321902133272,d,0.2,104.25979838880001,None
442,AS,"('SEA', 'ANC')",955,225,287.60099483338894,5.403596075149105,e,0.2,75.60522852000001,None
443,AS,"('SEA', 'ANC')",955,225,299.82651836642657,9.715267995207494,f,0.2,151.6518391392,None
444,AS,"('SEA', 'ANC')",1135,226,288.5647726183181,5.372283704493579,a,0.2,82.15247089920001,None
445,AS,"('SEA', 'ANC')",1135,226,298.7503080251333,8.09642514265588,b,0.2,129.86188038240002,None
446,AS,"('SEA', 'ANC')",1135,226,283.2161033946803,4.3753395443613865,c,0.2,66.06878328,None
447,AS,"('SEA', 'ANC')",1135,226,292.9569423427123,6.735623630088751,d,0.2,104.25979838880001,None
448,AS,"('SEA', 'ANC')",1135,226,287.16305558450995,5.312210142765074,e,0.2,75.60522852000001,None
449,AS,"('SEA', 'ANC')",1135,226,300.5109346109587,10.351313086564764,f,0.2,151.6518391392,None
450,AS,"('SEA', 'ANC')",1195,223,288.8216536474721,5.4255497659863865,a,0.2,82.15247089920001,None
451,AS,"('SEA', 'ANC')",1195,223,298.9266242381568,8.180145107655852,b,0.2,129.86188038240002,None
452,AS,"('SEA', 'ANC')",1195,223,283.4300523625614,4.409050998795903,c,0.2,66.06878328,None
453,AS,"('SEA', 'ANC')",1195,223,292.87962193897994,6.711654613232226,d,0.2,104.25979838880001,None
454,AS,"('SEA', 'ANC')",1195,223,286.85687325900926,5.2496401337595895,e,0.2,75.60522852000001,None
455,AS,"('SEA', 'ANC')",1195,223,300.6908726815444,10.547046941846599,f,0.2,151.6518391392,None
456,AS,"('SEA', 'ANC')",1255,224,288.73611741825965,5.407726071181417,a,0.2,82.15247089920001,None
457,AS,"('SEA', 'ANC')",1255,224,298.86693356563353,8.15154342370639,b,0.2,129.86188038240002,None
458,AS,"('SEA', 'ANC')",1255,224,283.3149296413917,4.390875757669936,c,0.2,66.06878328,None
459,AS,"('SEA', 'ANC')",1255,224,292.6213930207166,6.63282478197004,d,0.2,104.25979838880001,None
460,AS,"('SEA', 'ANC')",1255,224,286.19164400747644,5.117232601331749,e,0.2,75.60522852000001,None
461,AS,"('SEA', 'ANC')",1255,224,300.6029170599815,10.449544577049714,f,0.2,151.6518391392,None
462,others,"('ANC', 'SEA')",45,206,202.17972707329744,9.923192037703794,a,0.2,78.91812165120001,None
463,others,"('ANC', 'SEA')",45,206,198.588834831927,15.900720552082456,b,0.2,124.74920792640002,None
464,others,"('ANC', 'SEA')",45,206,207.1354472469145,7.1765949630115715,c,0.2,63.467650080000006,None
465,others,"('ANC', 'SEA')",45,206,201.51854069689654,12.006565732103107,d,0.2,100.15508191680001,None
466,others,"('ANC', 'SEA')",45,206,205.33347073454206,8.347683791545162,e,0.2,72.62864472000001,None
467,others,"('ANC', 'SEA')",45,206,199.272848886652,18.57500565868218,f,0.2,145.6812942912,None
468,others,"('ANC', 'SEA')",891,203,202.85160801521113,9.523707125666387,a,0.2,78.91812165120001,None
469,others,"('ANC', 'SEA')",891,203,198.51433134298819,16.13705822128723,b,0.2,124.74920792640002,None
470,others,"('ANC', 'SEA')",891,203,205.52852161846,7.778072193668597,c,0.2,63.467650080000006,None
471,others,"('ANC', 'SEA')",891,203,200.04499044798305,13.940465987655132,d,0.2,100.15508191680001,None
472,others,"('ANC', 'SEA')",891,203,203.05718921749926,9.505699010083031,e,0.2,72.62864472000001,None
473,others,"('ANC', 'SEA')",891,203,199.2114548970219,19.381379977822075,f,0.2,145.6812942912,None
474,others,"('ANC', 'LAX')",1430,319,207.72450830457598,5.751727019109964,a,0.2,29.3247665152,None
475,others,"('ANC', 'LAX')",1430,319,196.49146863175415,9.574579310962804,b,0.2,46.3548969344,None
476,others,"('ANC', 'LAX')",1430,319,213.3868052286358,4.498638606123934,c,0.2,23.58360768,None
477,others,"('ANC', 'LAX')",1430,319,201.56361518807833,7.498857136888007,d,0.2,37.2160960128,None
478,others,"('ANC', 'LAX')",1430,319,209.8811290083348,5.268843135517821,e,0.2,26.98769312,None
479,others,"('ANC', 'LAX')",1430,319,194.3117837090389,11.717193194824649,f,0.2,54.1329399552,None
480,others,"('ANC', 'LAX')",45,475,252.1581188839199,0.1709004496092708,a,0.2,29.3247665152,SEA
481,others,"('ANC', 'LAX')",45,475,252.95855140568705,0.25151582619843027,b,0.2,46.3548969344,SEA
482,others,"('ANC', 'LAX')",45,475,251.77015428003526,0.13268970837928235,c,0.2,23.58360768,SEA
483,others,"('ANC', 'LAX')",45,475,252.47509667021342,0.20296656308895236,d,0.2,37.2160960128,SEA
484,others,"('ANC', 'LAX')",45,475,251.95328228476208,0.15001317753798024,e,0.2,26.98769312,SEA
485,others,"('ANC', 'LAX')",45,475,253.35035512765404,0.2831728291012362,f,0.2,54.1329399552,SEA
486,others,"('ANC', 'PDX')",720,210,212.28879457545668,6.739415757336876,a,0.2,26.7372871168,None
487,others,"('ANC', 'PDX')",720,210,205.2081505773138,11.228402338705967,b,0.2,42.2647589696,None
488,others,"('ANC', 'PDX')",720,210,217.80412826564427,5.618249205840724,c,0.2,21.50270112,None
489,others,"('ANC', 'PDX')",720,210,209.22374008683843,9.083870654817812,d,0.2,33.932322835200004,None
490,others,"('ANC', 'PDX')",720,210,214.19906944341994,6.223494263297757,e,0.2,24.606426080000002,None
491,others,"('ANC', 'PDX')",720,210,202.44069805616826,12.932272624044632,f,0.2,49.3565040768,None
492,others,"('LAX', 'PDX')",575,152,295.64318249812493,15.236822379215912,a,0.2,205.0577423232,None
493,others,"('LAX', 'PDX')",575,152,302.01792033271613,24.960665664594977,b,0.2,324.1434337104,None
494,others,"('LAX', 'PDX')",575,152,294.29171686551757,12.89456469124792,c,0.2,164.91184488,None
495,others,"('LAX', 'PDX')",575,152,298.8307141212857,19.047110543818835,d,0.2,260.23902432479997,None
496,others,"('LAX', 'PDX')",575,152,294.4735295879527,13.372585883010972,e,0.2,188.71541292,None
497,others,"('LAX', 'PDX')",575,152,302.9994301304368,25.74316736882972,f,0.2,378.5325433632,None
498,others,"('LAX', 'PDX')",630,150,281.58993897264776,16.61186175683236,a,0.2,205.0577423232,None
499,others,"('LAX', 'PDX')",630,150,285.7268033475429,27.4886693732451,b,0.2,324.1434337104,None
500,others,"('LAX', 'PDX')",630,150,281.4150767121989,14.354340326132588,c,0.2,164.91184488,None
501,others,"('LAX', 'PDX')",630,150,283.82661270235775,21.730727753006374,d,0.2,260.23902432479997,None
502,others,"('LAX', 'PDX')",630,150,281.32989268936734,14.828104242585802,e,0.2,188.71541292,None
503,others,"('LAX', 'PDX')",630,150,286.72322316977966,28.986352353246232,f,0.2,378.5325433632,None
504,others,"('LAX', 'PDX')",1175,145,285.96978429768416,16.038661945040634,a,0.2,205.0577423232,None
505,others,"('LAX', 'PDX')",1175,145,289.70281167148215,24.83544494237043,b,0.2,324.1434337104,None
506,others,"('LAX', 'PDX')",1175,145,284.7819706371439,12.5741996380593,c,0.2,164.91184488,None
507,others,"('LAX', 'PDX')",1175,145,288.10384940138664,20.59968682957163,d,0.2,260.23902432479997,None
508,others,"('LAX', 'PDX')",1175,145,286.39863368891133,15.808943963436446,e,0.2,188.71541292,None
509,others,"('LAX', 'PDX')",1175,145,291.92777532578924,32.51528025995249,f,0.2,378.5325433632,None
510,others,"('LAX', 'PDX')",1235,151,279.6686283821111,16.354496680648996,a,0.2,205.0577423232,None
511,others,"('LAX', 'PDX')",1235,151,283.5076249214886,25.30490608612278,b,0.2,324.1434337104,None
512,others,"('LAX', 'PDX')",1235,151,278.6789561924584,12.786566027607424,c,0.2,164.91184488,None
513,others,"('LAX', 'PDX')",1235,151,281.9214065841952,20.747206145546546,d,0.2,260.23902432479997,None
514,others,"('LAX', 'PDX')",1235,151,279.93526148187186,15.714012725610528,e,0.2,188.71541292,None
515,others,"('LAX', 'PDX')",1235,151,285.726971205051,33.09286777041766,f,0.2,378.5325433632,None
516,others,"('LAX', 'PDX')",875,278,258.3863481313703,8.483637202516547e-06,a,0.2,205.0577423232,SEA
517,others,"('LAX', 'PDX')",875,278,263.13583331686397,8.632680248865654e-06,b,0.2,324.1434337104,SEA
518,others,"('LAX', 'PDX')",875,278,257.114198851677,8.443616309250501e-06,c,0.2,164.91184488,SEA
519,others,"('LAX', 'PDX')",875,278,261.9541693866087,8.595754536599998e-06,d,0.2,260.23902432479997,SEA
520,others,"('LAX', 'PDX')",875,278,258.36747705993827,8.482997600367526e-06,e,0.2,188.71541292,SEA
521,others,"('LAX', 'PDX')",875,278,265.28173957628525,8.699849217919109e-06,f,0.2,378.5325433632,SEA
522,others,"('LAX', 'SEA')",480,160,380.17739238407694,17.515051949341785,a,0.2,369.36268412160007,None
523,others,"('LAX', 'SEA')",480,160,403.57728471741007,27.786855155599966,b,0.2,583.8671944752001,None
524,others,"('LAX', 'SEA')",480,160,363.66360227596476,13.349891666764272,c,0.2,297.04941144000003,None
525,others,"('LAX', 'SEA')",480,160,389.6799098001088,20.68424686340079,d,0.2,468.75862110240007,None
526,others,"('LAX', 'SEA')",480,160,371.9017633736965,15.080009738940367,e,0.2,339.92586996000006,None
527,others,"('LAX', 'SEA')",480,160,404.6968007029963,29.58402005347322,f,0.2,681.8362216416001,None
528,others,"('LAX', 'SEA')",520,173,372.30680915550266,17.261264966761004,a,0.2,369.36268412160007,None
529,others,"('LAX', 'SEA')",520,173,396.16222694203464,27.695879184268808,b,0.2,583.8671944752001,None
530,others,"('LAX', 'SEA')",520,173,356.86354492622263,13.53010920278629,c,0.2,297.04941144000003,None
531,others,"('LAX', 'SEA')",520,173,382.64609583149036,20.82474012557957,d,0.2,468.75862110240007,None
532,others,"('LAX', 'SEA')",520,173,364.23756751074205,15.1249695714996,e,0.2,339.92586996000006,None
533,others,"('LAX', 'SEA')",520,173,397.38992563648924,29.563110926363365,f,0.2,681.8362216416001,None
534,others,"('LAX', 'SEA')",580,173,446.64701311265543,10.18669682457721,a,0.2,369.36268412160007,None
535,others,"('LAX', 'SEA')",580,173,482.88412855846855,15.143105565552915,b,0.2,583.8671944752001,None
536,others,"('LAX', 'SEA')",580,173,429.4894586834516,8.454700662039143,c,0.2,297.04941144000003,None
537,others,"('LAX', 'SEA')",580,173,464.57130196442404,12.184766009251174,d,0.2,468.75862110240007,None
538,others,"('LAX', 'SEA')",580,173,427.9949319752577,9.853524031406895,e,0.2,339.92586996000006,None
539,others,"('LAX', 'SEA')",580,173,486.3549272574459,16.177296272069704,f,0.2,681.8362216416001,None
540,others,"('LAX', 'SEA')",600,171,372.21997469610403,16.89364887455559,a,0.2,369.36268412160007,None
541,others,"('LAX', 'SEA')",600,171,396.3775274624757,27.229498252231007,b,0.2,583.8671944752001,None
542,others,"('LAX', 'SEA')",600,171,359.3566565712679,13.78096026612136,c,0.2,297.04941144000003,None
543,others,"('LAX', 'SEA')",600,171,384.5301326408682,21.293517196329432,d,0.2,468.75862110240007,None
544,others,"('LAX', 'SEA')",600,171,365.55958285579845,15.196433548899966,e,0.2,339.92586996000006,None
545,others,"('LAX', 'SEA')",600,171,398.37800936147136,29.60601606528702,f,0.2,681.8362216416001,None
546,others,"('LAX', 'SEA')",770,170,371.5470514601983,16.553642792318044,a,0.2,369.36268412160007,None
547,others,"('LAX', 'SEA')",770,170,394.43267496701566,25.820491578694124,b,0.2,583.8671944752001,None
548,others,"('LAX', 'SEA')",770,170,358.95553302799306,13.659155974927382,c,0.2,297.04941144000003,None
549,others,"('LAX', 'SEA')",770,170,387.1801075900808,22.48740688060828,d,0.2,468.75862110240007,None
550,others,"('LAX', 'SEA')",770,170,367.80695932778644,15.66854993043182,e,0.2,339.92586996000006,None
551,others,"('LAX', 'SEA')",770,170,398.98776742420176,29.810827130683467,f,0.2,681.8362216416001,None
552,others,"('LAX', 'SEA')",875,155,380.18168430109364,16.48619533679293,a,0.2,369.36268412160007,None
553,others,"('LAX', 'SEA')",875,155,402.38076053786386,25.304191941353988,b,0.2,583.8671944752001,None
554,others,"('LAX', 'SEA')",875,155,365.7606241509151,13.212244778455371,c,0.2,297.04941144000003,None
555,others,"('LAX', 'SEA')",875,155,396.1599329158016,22.58573463061937,d,0.2,468.75862110240007,None
556,others,"('LAX', 'SEA')",875,155,378.1436074976496,16.201027769644444,e,0.2,339.92586996000006,None
557,others,"('LAX', 'SEA')",875,155,408.2976391765474,30.210681540276745,f,0.2,681.8362216416001,None
558,others,"('LAX', 'SEA')",1130,160,377.62736142902907,16.43935229624246,a,0.2,369.36268412160007,None
559,others,"('LAX', 'SEA')",1130,160,399.4543074816857,25.01988418631024,b,0.2,583.8671944752001,None
560,others,"('LAX', 'SEA')",1130,160,359.5895564508447,12.71571811171508,c,0.2,297.04941144000003,None
561,others,"('LAX', 'SEA')",1130,160,390.52804792438167,20.945925744349417,d,0.2,468.75862110240007,None
562,others,"('LAX', 'SEA')",1130,160,376.1143909669195,16.340934154833178,e,0.2,339.92586996000006,None
563,others,"('LAX', 'SEA')",1130,160,408.84299500238956,32.53826087387662,f,0.2,681.8362216416001,None
564,others,"('LAX', 'SEA')",575,256,271.1502610471052,1.7016922688466074,a,0.2,369.36268412160007,PDX
565,others,"('LAX', 'SEA')",575,256,286.3975305606235,2.9159402767882603,b,0.2,583.8671944752001,PDX
566,others,"('LAX', 'SEA')",575,256,264.1448975609767,1.314142439838015,c,0.2,297.04941144000003,PDX
567,others,"('LAX', 'SEA')",575,256,278.0972656864321,2.184726967828024,d,0.2,468.75862110240007,PDX
568,others,"('LAX', 'SEA')",575,256,267.39924901985677,1.4848681334591114,e,0.2,339.92586996000006,PDX
569,others,"('LAX', 'SEA')",575,256,288.2468990587962,3.143826037261715,f,0.2,681.8362216416001,PDX
570,others,"('LAX', 'ANC')",1420,343,207.50915996135757,5.527322402761991,a,0.2,29.971636364800002,None
571,others,"('LAX', 'ANC')",1420,343,195.76108276742096,9.229607275518191,b,0.2,47.3774314256,None
572,others,"('LAX', 'ANC')",1420,343,213.34721603195393,4.322627207222842,c,0.2,24.10383432,None
573,others,"('LAX', 'ANC')",1420,343,201.15833606771446,7.2200175583823984,d,0.2,38.037039307200004,None
574,others,"('LAX', 'ANC')",1420,343,209.80662403400723,5.062943513442129,e,0.2,27.583009880000002,None
575,others,"('LAX', 'ANC')",1420,343,193.4038886798527,11.34536865625099,f,0.2,55.3270489248,None
576,others,"('LAX', 'ANC')",1175,420,251.19560552529478,0.21343280994577937,a,0.2,29.971636364800002,PDX
577,others,"('LAX', 'ANC')",1175,420,251.58802828926395,0.3282518449354442,b,0.2,47.3774314256,PDX
578,others,"('LAX', 'ANC')",1175,420,251.05668887692653,0.17420185790737622,c,0.2,24.10383432,PDX
579,others,"('LAX', 'ANC')",1175,420,251.4007245761193,0.2728186964437902,d,0.2,38.037039307200004,PDX
580,others,"('LAX', 'ANC')",1175,420,251.21536832602825,0.21519295112051992,e,0.2,27.583009880000002,PDX
581,others,"('LAX', 'ANC')",1175,420,252.04389934277654,0.4239905211171269,f,0.2,55.3270489248,PDX
582,others,"('PDX', 'LAX')",430,154,279.83907255960145,17.6461243117871,a,0.2,204.19524919040003,None
583,others,"('PDX', 'LAX')",430,154,283.12818140365243,27.95561542820894,b,0.2,322.7800543888,None
584,others,"('PDX', 'LAX')",430,154,277.18148689193373,13.302196631840824,c,0.2,164.21820936,None
585,others,"('PDX', 'LAX')",430,154,281.0785422339942,20.144700204039534,d,0.2,259.1444332656,None
586,others,"('PDX', 'LAX')",430,154,277.86266015433006,14.809129575883944,e,0.2,187.92165724,None
587,others,"('PDX', 'LAX')",430,154,281.56486285079427,30.142289022483318,f,0.2,376.9403980704,None
588,others,"('PDX', 'LAX')",455,145,285.15090471567544,17.43821798405149,a,0.2,204.19524919040003,None
589,others,"('PDX', 'LAX')",455,145,288.45076968056946,28.025568756482095,b,0.2,322.7800543888,None
590,others,"('PDX', 'LAX')",455,145,282.51230488779805,13.428206619852238,c,0.2,164.21820936,None
591,others,"('PDX', 'LAX')",455,145,286.3187733080227,20.20254355895651,d,0.2,259.1444332656,None
592,others,"('PDX', 'LAX')",455,145,283.1751838141561,14.796664599077856,e,0.2,187.92165724,None
593,others,"('PDX', 'LAX')",455,145,286.86737926937394,30.10885470200628,f,0.2,376.9403980704,None
594,others,"('PDX', 'LAX')",762,138,288.5659862950155,16.05065862072788,a,0.2,204.19524919040003,None
595,others,"('PDX', 'LAX')",762,138,291.75537346671285,25.663622657238616,b,0.2,322.7800543888,None
596,others,"('PDX', 'LAX')",762,138,286.8662624331456,13.994439901915216,c,0.2,164.21820936,None
597,others,"('PDX', 'LAX')",762,138,290.59330472716846,22.454250003832325,d,0.2,259.1444332656,None
598,others,"('PDX', 'LAX')",762,138,287.5353080495789,15.464906780889251,e,0.2,187.92165724,None
599,others,"('PDX', 'LAX')",762,138,290.5906730987692,30.372179027824654,f,0.2,376.9403980704,None
600,others,"('PDX', 'LAX')",900,140,287.5191135351188,15.969595123212645,a,0.2,204.19524919040003,None
601,others,"('PDX', 'LAX')",900,140,290.7790511799235,24.871361863740784,b,0.2,322.7800543888,None
602,others,"('PDX', 'LAX')",900,140,285.31642711974234,13.23469240976873,c,0.2,164.21820936,None
603,others,"('PDX', 'LAX')",900,140,289.73525394125346,22.517397975212248,d,0.2,259.1444332656,None
604,others,"('PDX', 'LAX')",900,140,286.9485530972245,16.341160457099797,e,0.2,187.92165724,None
605,others,"('PDX', 'LAX')",900,140,289.9933652108554,31.06584897739129,f,0.2,376.9403980704,None
606,others,"('PDX', 'LAX')",775,271,261.07156690058576,8.570940337904176e-06,a,0.2,204.19524919040003,SEA
607,others,"('PDX', 'LAX')",775,271,267.12134712569394,8.762287791341805e-06,b,0.2,322.7800543888,SEA
608,others,"('PDX', 'LAX')",775,271,259.59075913645563,8.524064355697192e-06,c,0.2,164.21820936,SEA
609,others,"('PDX', 'LAX')",775,271,265.28458878002846,8.704393735570193e-06,d,0.2,259.1444332656,SEA
610,others,"('PDX', 'LAX')",775,271,260.6151061504978,8.55652012887731e-06,e,0.2,187.92165724,SEA
611,others,"('PDX', 'LAX')",775,271,269.3654585254809,8.833403057906253e-06,f,0.2,376.9403980704,SEA
612,others,"('PDX', 'SEA')",360,56,251.66721923163985,19.866262352247222,a,0.2,81.93684761600001,None
613,others,"('PDX', 'SEA')",360,56,256.304906570252,30.794898770527023,b,0.2,129.521035552,None
614,others,"('PDX', 'SEA')",360,56,246.86198765490352,15.010284505461422,c,0.2,65.89537440000001,None
615,others,"('PDX', 'SEA')",360,56,253.77302606329448,23.202349512006204,d,0.2,103.986150624,None
616,others,"('PDX', 'SEA')",360,56,249.14392047645026,16.824414442687576,e,0.2,75.4067896,None
617,others,"('PDX', 'SEA')",360,56,257.9228684074525,33.473286909266065,f,0.2,151.25380281600002,None
618,others,"('PDX', 'SEA')",775,56,374.9863688698144,7.6233231130382,a,0.2,81.93684761600001,None
619,others,"('PDX', 'SEA')",775,56,390.84573514808153,11.512124494705446,b,0.2,129.521035552,None
620,others,"('PDX', 'SEA')",775,56,369.9138110251207,7.026682649678494,c,0.2,65.89537440000001,None
621,others,"('PDX', 'SEA')",775,56,387.4755162440953,10.575559793376183,d,0.2,103.986150624,None
622,others,"('PDX', 'SEA')",775,56,374.03182168833274,7.60338053135443,e,0.2,75.4067896,None
623,others,"('PDX', 'SEA')",775,56,395.7083706453211,13.260038765421077,f,0.2,151.25380281600002,None
624,others,"('PDX', 'SEA')",1199,58,344.63827080880077,9.254884747887697,a,0.2,81.93684761600001,None
625,others,"('PDX', 'SEA')",1199,58,354.1737037233197,14.148754395385152,b,0.2,129.521035552,None
626,others,"('PDX', 'SEA')",1199,58,337.19076432873504,7.821792782596579,c,0.2,65.89537440000001,None
627,others,"('PDX', 'SEA')",1199,58,350.4422359894334,12.12783301627848,d,0.2,103.986150624,None
628,others,"('PDX', 'SEA')",1199,58,344.2943151372216,9.496507578691,e,0.2,75.4067896,None
629,others,"('PDX', 'SEA')",1199,58,358.7592454990164,19.150296069661874,f,0.2,151.25380281600002,None
630,others,"('PDX', 'ANC')",1360,235,211.9144914938202,6.285144355201966,a,0.2,26.5216638336,None
631,others,"('PDX', 'ANC')",1360,235,202.63943772594695,10.189873889657845,b,0.2,41.92391413920001,None
632,others,"('PDX', 'ANC')",1360,235,216.55708930652133,4.870454848374638,c,0.2,21.32929224,None
633,others,"('PDX', 'ANC')",1360,235,207.03744429755818,8.140524011171605,d,0.2,33.6586750704,None
634,others,"('PDX', 'ANC')",1360,235,214.0952585073486,5.868619778887905,e,0.2,24.40798716,None
635,others,"('PDX', 'ANC')",1360,235,203.83326879306776,12.903438926819389,f,0.2,48.958467753600004,None
636,others,"('PDX', 'ANC')",775,342,254.2054111569498,0.219039238526695,a,0.2,26.5216638336,SEA
637,others,"('PDX', 'ANC')",775,342,256.4568558501519,0.3386333701108702,b,0.2,41.92391413920001,SEA
638,others,"('PDX', 'ANC')",775,342,253.40141134661675,0.195479437051612,c,0.2,21.32929224,SEA
639,others,"('PDX', 'ANC')",775,342,255.93732252199823,0.30537624430532845,d,0.2,33.6586750704,SEA
640,others,"('PDX', 'ANC')",775,342,254.12043676912478,0.213210443591526,e,0.2,24.40798716,SEA
641,others,"('PDX', 'ANC')",775,342,257.5224555098926,0.3821353565641144,f,0.2,48.958467753600004,SEA
642,others,"('SEA', 'LAX')",425,155,346.25913318381,17.723559812212223,a,0.2,368.0689444224,None
643,others,"('SEA', 'LAX')",425,155,360.06098945818627,27.999050357850276,b,0.2,581.8221254928,None
644,others,"('SEA', 'LAX')",425,155,336.99725202055237,13.282340517787476,c,0.2,296.00895816,None
645,others,"('SEA', 'LAX')",425,155,352.31425843834324,20.02663763121314,d,0.2,467.1167345136,None
646,others,"('SEA', 'LAX')",425,155,340.88320845410266,14.526835285299272,e,0.2,338.73523644,None
647,others,"('SEA', 'LAX')",425,155,360.1970341566081,29.250436081449443,f,0.2,679.4480037024,None
648,others,"('SEA', 'LAX')",680,150,345.7040768260564,16.57406235054484,a,0.2,368.0689444224,None
649,others,"('SEA', 'LAX')",680,150,360.12447921471755,27.001586139821313,b,0.2,581.8221254928,None
650,others,"('SEA', 'LAX')",680,150,340.64397054534334,14.246588422602878,c,0.2,296.00895816,None
651,others,"('SEA', 'LAX')",680,150,355.58149744726256,21.639721614892142,d,0.2,467.1167345136,None
652,others,"('SEA', 'LAX')",680,150,343.03274691342466,14.917730168241544,e,0.2,338.73523644,None
653,others,"('SEA', 'LAX')",680,150,361.49778063005726,29.62038009761389,f,0.2,679.4480037024,None
654,others,"('SEA', 'LAX')",753,167,335.80329280439685,16.45218489223544,a,0.2,368.0689444224,None
655,others,"('SEA', 'LAX')",753,167,349.79169253516454,26.3252428197688,b,0.2,581.8221254928,None
656,others,"('SEA', 'LAX')",753,167,330.1277488245946,14.100723992753057,c,0.2,296.00895816,None
657,others,"('SEA', 'LAX')",753,167,346.4543633833201,22.18388268284568,d,0.2,467.1167345136,None
658,others,"('SEA', 'LAX')",753,167,333.6608136059806,15.214115221574767,e,0.2,338.73523644,None
659,others,"('SEA', 'LAX')",753,167,351.8760264920398,29.72391724848549,f,0.2,679.4480037024,None
660,others,"('SEA', 'LAX')",788,162,412.48522314745907,9.950734494855766,a,0.2,368.0689444224,None
661,others,"('SEA', 'LAX')",788,162,436.55331589571614,14.7361380989494,b,0.2,581.8221254928,None
662,others,"('SEA', 'LAX')",788,162,405.6129319335406,8.505229893444767,c,0.2,296.00895816,None
663,others,"('SEA', 'LAX')",788,162,431.14516850603115,12.855133686936348,d,0.2,467.1167345136,None
664,others,"('SEA', 'LAX')",788,162,410.06173560625626,9.367495963827084,e,0.2,338.73523644,None
665,others,"('SEA', 'LAX')",788,162,441.31477786431566,16.585350804279525,f,0.2,679.4480037024,None
666,others,"('SEA', 'LAX')",885,161,339.355820351827,16.357168264992517,a,0.2,368.0689444224,None
667,others,"('SEA', 'LAX')",885,161,352.55799915364,25.62234559464812,b,0.2,581.8221254928,None
668,others,"('SEA', 'LAX')",885,161,332.8964666213516,13.399228190147689,c,0.2,296.00895816,None
669,others,"('SEA', 'LAX')",885,161,349.74546355605094,22.439770823557012,d,0.2,467.1167345136,None
670,others,"('SEA', 'LAX')",885,161,338.90531519997745,15.895117964899478,e,0.2,338.73523644,None
671,others,"('SEA', 'LAX')",885,161,355.8797035346795,30.28643673185026,f,0.2,679.4480037024,None
672,others,"('SEA', 'LAX')",1002,161,339.48003372366014,16.333367447089863,a,0.2,368.0689444224,None
673,others,"('SEA', 'LAX')",1002,161,352.8926748934828,25.34544986005709,b,0.2,581.8221254928,None
674,others,"('SEA', 'LAX')",1002,161,330.85847261241014,13.065669051755991,c,0.2,296.00895816,None
675,others,"('SEA', 'LAX')",1002,161,349.61833007573955,21.574289204154983,d,0.2,467.1167345136,None
676,others,"('SEA', 'LAX')",1002,161,339.7016883098565,16.322550038492555,e,0.2,338.73523644,None
677,others,"('SEA', 'LAX')",1002,161,357.2179015768355,31.358741977282698,f,0.2,679.4480037024,None
678,others,"('SEA', 'LAX')",1070,155,342.95850858745285,16.326548616273257,a,0.2,368.0689444224,None
679,others,"('SEA', 'LAX')",1070,155,356.36477792160116,25.30266923320699,b,0.2,581.8221254928,None
680,others,"('SEA', 'LAX')",1070,155,334.0241715435604,12.93331413187201,c,0.2,296.00895816,None
681,others,"('SEA', 'LAX')",1070,155,352.453113458478,21.022330878852948,d,0.2,467.1167345136,None
682,others,"('SEA', 'LAX')",1070,155,343.0845951236125,16.255974265088074,e,0.2,338.73523644,None
683,others,"('SEA', 'LAX')",1070,155,361.32602122207703,32.1592311235312,f,0.2,679.4480037024,None
684,others,"('SEA', 'LAX')",665,235,259.6941047232899,8.520734979811095e-06,a,0.2,368.0689444224,PDX
685,others,"('SEA', 'LAX')",665,235,267.34249248512765,8.757210025578388e-06,b,0.2,581.8221254928,PDX
686,others,"('SEA', 'LAX')",665,235,258.223513807842,8.475675485897227e-06,c,0.2,296.00895816,PDX
687,others,"('SEA', 'LAX')",665,235,263.342048840839,8.632636195216037e-06,d,0.2,467.1167345136,PDX
688,others,"('SEA', 'LAX')",665,235,258.67718443257564,8.489264814670605e-06,e,0.2,338.73523644,PDX
689,others,"('SEA', 'LAX')",665,235,271.65306451090936,8.896566271232587e-06,f,0.2,679.4480037024,PDX
690,others,"('SEA', 'PDX')",665,59,438.74358432907354,9.690972319171884,a,0.2,85.8180667136,None
691,others,"('SEA', 'PDX')",665,59,448.5810520264754,15.820146815643287,b,0.2,135.6562424992,None
692,others,"('SEA', 'PDX')",665,59,431.70914377867325,8.258837043276722,c,0.2,69.01673424,None
693,others,"('SEA', 'PDX')",665,59,445.99016825615837,12.72586939578283,d,0.2,108.91181039039999,None
694,others,"('SEA', 'PDX')",665,59,435.24126768421314,8.795662871858227,e,0.2,78.97869016,None
695,others,"('SEA', 'PDX')",665,59,450.37994360957066,16.708598528038387,f,0.2,158.4184566336,None
696,others,"('SEA', 'PDX')",1100,53,441.7727484839799,9.553089087693037,a,0.2,85.8180667136,None
697,others,"('SEA', 'PDX')",1100,53,451.7581421391225,14.65671768315342,b,0.2,135.6562424992,None
698,others,"('SEA', 'PDX')",1100,53,428.51014910089464,7.61375385502058,c,0.2,69.01673424,None
699,others,"('SEA', 'PDX')",1100,53,449.33599364542664,12.281902497745369,d,0.2,108.91181039039999,None
700,others,"('SEA', 'PDX')",1100,53,441.9098860062717,9.523144486879513,e,0.2,78.97869016,None
701,others,"('SEA', 'PDX')",1100,53,456.3839831674319,18.37147998443528,f,0.2,158.4184566336,None
702,others,"('SEA', 'PDX')",1315,59,436.11705720990096,9.698626061974696,a,0.2,85.8180667136,None
703,others,"('SEA', 'PDX')",1315,59,446.0494987137663,14.88024732605027,b,0.2,135.6562424992,None
704,others,"('SEA', 'PDX')",1315,59,421.8121668340198,7.733960649664117,c,0.2,69.01673424,None
705,others,"('SEA', 'PDX')",1315,59,442.9550381335773,12.006008819338108,d,0.2,108.91181039039999,None
706,others,"('SEA', 'PDX')",1315,59,433.4425326097337,9.044468490999199,e,0.2,78.97869016,None
707,others,"('SEA', 'PDX')",1315,59,450.02844013569546,18.636774954684856,f,0.2,158.4184566336,None
708,others,"('SEA', 'ANC')",900,217,201.52730228590354,10.035194079092365,a,0.2,82.15247089920001,None
709,others,"('SEA', 'ANC')",900,217,198.27486252116913,16.710253816237383,b,0.2,129.86188038240002,None
710,others,"('SEA', 'ANC')",900,217,204.98463683062388,8.092562191714737,c,0.2,66.06878328,None
711,others,"('SEA', 'ANC')",900,217,200.09218482239004,14.335742283797325,d,0.2,104.25979838880001,None
712,others,"('SEA', 'ANC')",900,217,203.80947038151373,9.654143201762071,e,0.2,75.60522852000001,None
713,others,"('SEA', 'ANC')",900,217,200.9464849015959,19.213214322893666,f,0.2,151.6518391392,None
714,others,"('SEA', 'ANC')",1200,217,201.5365254736824,10.02941410887959,a,0.2,82.15247089920001,None
715,others,"('SEA', 'ANC')",1200,217,198.3125929362422,16.56133401331627,b,0.2,129.86188038240002,None
716,others,"('SEA', 'ANC')",1200,217,206.17216657935683,7.611807497300929,c,0.2,66.06878328,None
717,others,"('SEA', 'ANC')",1200,217,201.0918360125983,12.78382323310937,d,0.2,104.25979838880001,None
718,others,"('SEA', 'ANC')",1200,217,204.27610042399292,9.378289754873675,e,0.2,75.60522852000001,None
719,others,"('SEA', 'ANC')",1200,217,200.91073082306346,21.235246616527466,f,0.2,151.6518391392,None
